[
  { "day": "Monday", "hours": "9:30 AM - 2:00 PM, 3:00 PM - 7:00 PM", "isOpen": true },
  { "day": "Tuesday", "hours": "9:30 AM - 2:00 PM, 3:00 PM - 7:00 PM", "isOpen": true },
  { "day": "Wednesday", "hours": "9:30 AM - 2:00 PM, 3:00 PM - 7:00 PM", "isOpen": true },
  { "day": "Thursday", "hours": "9:30 AM - 2:00 PM, 3:00 PM - 7:00 PM", "isOpen": true },
  { "day": "Friday", "hours": "9:30 AM - 2:00 PM, 3:00 PM - 7:00 PM", "isOpen": true },
  { "day": "Saturday", "hours": "9:30 AM - 2:00 PM, 3:00 PM - 7:00 PM", "isOpen": true },
  { "day": "Sunday", "hours": "Closed", "isOpen": false }
]
